id,publicar,destaque,nome,titulo_completo,realizacao,tipo,data_inicio,data_fim,programacao,local,cidade,descricao,o_que_fizemos,logo,capa,fotos,link_inscricao,depoimento,depoimento_autor
brasit-2026,sim,,5º BRASIT - II COSUTI,"Fórum de inovação em ortobiológicos, injetáveis e nutracêuticos",,Congresso,07/10/2026,09/10/2026,,Colégio Brasileiro de Altos Estudos (CBAE) da UFRJ — Flamengo,Rio de Janeiro - RJ,,,https://juntoseventos.com.br/wp-content/uploads/2025/11/unnamed.png,,,,,
farmacia-inca-2026,sim,sim,Farmácia INCA 2026,IX Congresso de Farmácia Hospitalar em Oncologia do INCA,Comitê de Ensino em Farmácia do Instituto Nacional de Câncer (INCA),Congresso,24/09/2026,26/09/2026,"Dia 24 - Cursos pré-congresso e abertura oficial
Dias 25 e 26 - Congresso","Hotel Prodigy Santos Dumont — Av. Alm. Silvio de Noronha, 365, Centro",Rio de Janeiro - RJ,"Congresso de farmácia hospitalar em oncologia, com cursos pré-congresso, palestras e área de exposição.",,https://juntoseventos.com.br/wp-content/uploads/2026/02/Logo-Congresso-Inca-2026-1024x578.png,assets/img/eventos/farmacia-inca-2026/01.jpg,"assets/img/eventos/farmacia-inca-2026/01.jpg
assets/img/eventos/farmacia-inca-2026/02.jpg
assets/img/eventos/farmacia-inca-2026/03.jpg
assets/img/eventos/farmacia-inca-2026/04.jpg
assets/img/eventos/farmacia-inca-2026/05.jpg
assets/img/eventos/farmacia-inca-2026/06.jpg",,,
eneo-2026,sim,,ENEO 2026,XIV Encontro Internacional de Endoscopia Oncológica do INCA,Setor de Endoscopia do Hospital do Câncer I — INCA,Congresso,23/09/2026,25/09/2026,"Dia 23 - Workshop de Terceiro Espaço em Oncologia
Dias 24 e 25 - Encontro","HCI INCA — Praça Cruz Vermelha, 23, Centro",Rio de Janeiro - RJ,Encontro internacional de endoscopia oncológica com convidados estrangeiros.,,https://juntoseventos.com.br/wp-content/uploads/2026/02/Logo-ENEO-2026-1024x526.png,assets/img/eventos/eneo-2026/01.jpg,"assets/img/eventos/eneo-2026/01.jpg
assets/img/eventos/eneo-2026/02.jpg
assets/img/eventos/eneo-2026/03.jpg
assets/img/eventos/eneo-2026/04.jpg",,,
sineperio-2026,sim,,SinepeRio 2026,Congresso SinepeRio 2026 — Educação na Era da Distração Digital,,Congresso,21/08/2026,22/08/2026,,"Hotel Windsor Oceânico — Rua Martinho de Mesquita, 129, Barra da Tijuca",Rio de Janeiro - RJ,Congresso sobre educação na era da distração digital.,,https://juntoseventos.com.br/wp-content/uploads/2026/04/PHOTO-2026-03-31-11-39-47-1024x496.jpg,,,,,
azulay-2026,sim,sim,40º Congresso Azulay,40º Congresso de Dermatologia do Instituto Professor Azulay,Instituto Azulay,Congresso,03/06/2026,06/06/2026,"03 a 05 de junho - Cursos na Santa Casa de Misericórdia (Centro)
06 de junho - Congresso no Hotel Rio Othon Palace","Santa Casa de Misericórdia (cursos) e Hotel Rio Othon Palace, Copacabana (congresso)",Rio de Janeiro - RJ,"Edição comemorativa de 40 anos do congresso, com cursos, premiações e área de exposição.",,https://juntoseventos.com.br/wp-content/uploads/2025/11/PHOTO-2025-11-04-12-31-18-1024x576.jpg,assets/img/eventos/azulay-2026/01.jpg,"assets/img/eventos/azulay-2026/01.jpg
assets/img/eventos/azulay-2026/02.jpg
assets/img/eventos/azulay-2026/03.jpg
assets/img/eventos/azulay-2026/04.jpg
assets/img/eventos/azulay-2026/05.jpg
assets/img/eventos/azulay-2026/06.jpg",,,
utcal-summit-2026,sim,sim,UTCAL Summit 2026,UTCAL Summit 2026,UTC América Latina (UTCAL),Corporativo,17/03/2026,20/03/2026,,Hotel Windsor Barra — Barra da Tijuca,Rio de Janeiro - RJ,Encontro de tecnologia e telecomunicações para o setor de utilities da América Latina.,,https://juntoseventos.com.br/wp-content/uploads/2025/11/logo2.png,assets/img/eventos/utcal-summit-2026/01.jpg,"assets/img/eventos/utcal-summit-2026/01.jpg
assets/img/eventos/utcal-summit-2026/02.jpg
assets/img/eventos/utcal-summit-2026/03.jpg
assets/img/eventos/utcal-summit-2026/04.jpg",,,
asime-2026,sim,,ASIME 2026,XXII Congresso Mundial de Medicina Estética,ASIME,Congresso,12/03/2026,14/03/2026,"Junto com: VIII Congresso Brasileiro de Medicina Integrativa, XII Congresso Brasileiro de Dermatologia, III Congresso Internacional de Tricologia, Medicina e Transplante Capilar e IV Congresso Brasileiro de Cirurgia Dermatológica",Centro de Eventos do Shopping Frei Caneca,São Paulo - SP,"Cinco congressos simultâneos de medicina estética, integrativa, dermatologia, tricologia e cirurgia dermatológica.",,https://juntoseventos.com.br/wp-content/uploads/2025/05/Logo-ASIME.png,assets/img/eventos/asime-2026/01.jpg,"assets/img/eventos/asime-2026/01.jpg
assets/img/eventos/asime-2026/02.jpg
assets/img/eventos/asime-2026/03.jpg
assets/img/eventos/asime-2026/04.jpg
assets/img/eventos/asime-2026/05.jpg
assets/img/eventos/asime-2026/06.jpg
assets/img/eventos/asime-2026/07.jpg",,,
abrauhe-2025,sim,,VIII Congresso ABRAUHE,VIII Congresso da Associação Brasileira de Hospitais Universitários e de Ensino,ABRAUHE e INCA,Congresso,05/12/2025,06/12/2025,,Instituto Nacional de Câncer — INCA,Rio de Janeiro - RJ,"Inovação, integridade e inclusão: desafios na formação de especialistas da área da saúde na era digital.",,https://juntoseventos.com.br/wp-content/uploads/2025/08/unnamed.png,assets/img/eventos/abrauhe-2025/01.jpg,"assets/img/eventos/abrauhe-2025/01.jpg
assets/img/eventos/abrauhe-2025/02.jpg
assets/img/eventos/abrauhe-2025/03.jpg
assets/img/eventos/abrauhe-2025/04.jpg
assets/img/eventos/abrauhe-2025/05.jpg
assets/img/eventos/abrauhe-2025/06.jpg",,,
abead-2025,sim,,ABEAD 2025,XXVIII Congresso Internacional da Associação Brasileira de Estudos em Álcool e outras Drogas,ABEAD,Congresso,10/09/2025,13/09/2025,,Hotel Rio Othon Palace — Copacabana,Rio de Janeiro - RJ,Rotas e desafios na prevenção e tratamento: navegando nas dependências da contemporaneidade.,,https://juntoseventos.com.br/wp-content/uploads/2025/05/Logo-Congresso-ABEAD-1024x576.jpeg,assets/img/eventos/abead-2025/01.jpg,"assets/img/eventos/abead-2025/01.jpg
assets/img/eventos/abead-2025/02.jpg
assets/img/eventos/abead-2025/03.jpg
assets/img/eventos/abead-2025/04.jpg
assets/img/eventos/abead-2025/05.jpg
assets/img/eventos/abead-2025/06.jpg",,,
alergorio-2025,sim,,AlergoRio 2025,AlergoRio 2025,ASBAI-RJ,Congresso,15/08/2025,16/08/2025,,Hotel Rio Othon Palace — Copacabana,Rio de Janeiro - RJ,"Congresso de alergia e imunologia do Rio de Janeiro, com fórum de especialistas, premiação e exposição.",,https://juntoseventos.com.br/wp-content/uploads/2025/05/ALERGO-RIO-2025-LOGOTIPO-01-1024x472.png,assets/img/eventos/alergorio-2025/01.jpg,"assets/img/eventos/alergorio-2025/01.jpg
assets/img/eventos/alergorio-2025/02.jpg
assets/img/eventos/alergorio-2025/03.jpg
assets/img/eventos/alergorio-2025/04.jpg
assets/img/eventos/alergorio-2025/05.jpg
assets/img/eventos/alergorio-2025/06.jpg",,,
cobti-2025,sim,,COBTI 2025,Congresso de Ortobiológicos e Terapias Injetáveis — 2ª edição,SBOT-RJ,Congresso,25/07/2025,26/07/2025,,Colégio Brasileiro de Cirurgiões,Rio de Janeiro - RJ,Congresso de ortobiológicos e terapias injetáveis com workshops práticos e área de exposição.,,https://juntoseventos.com.br/wp-content/uploads/2025/05/Logo-COBTI-2025.png,assets/img/eventos/cobti-2025/01.jpg,"assets/img/eventos/cobti-2025/01.jpg
assets/img/eventos/cobti-2025/02.jpg
assets/img/eventos/cobti-2025/03.jpg
assets/img/eventos/cobti-2025/04.jpg
assets/img/eventos/cobti-2025/05.jpg",,,
